CC_ID,DOI,Citation context (sent),Citation context level annotation,Predicted label
CC1,10.1002/anie.201706532,"The validity of structure 5 was confirmed by DFT calculations of the 13C NMR chemical shifts of 2 and 5,10 followed by comparison with the reported data.",Y,True
CC2,10.1002/anie.201708266,"To the best of our knowledge, such a composite scheme consisting of four more or less independent steps as illustrated in Figure 1 is proposed here for the first time (for related incomplete attempts, see Refs. 5, 9, and 10).",N,False
CC3,10.1002/anie.201708266,"Taking a Boltzmann average of NMR parameters computed for individual conformers, as suggested for example by Willoughby and co-workers,10 is necessary but unfortunately insufficient to model real systems.",N,False
CC4,10.1002/anie.201810566,"To resolve this ambiguity, we conducted NMR prediction calculations (Figure 1 B).13, 14",Y,True
CC5,10.1002/anie.201902777,"There are now numerous in silico methods to help with structure elucidation by predicting spectra (e.g., NMR,4 ECD5) from chemical structure input or conversely by predicting chemical structure from spectroscopic data (e.g., ACDLabs6).",N,False
CC6,10.1002/anie.201916566,"While quantum chemical computations for chemical shifts are certainly reliable enough to distinguish among diastereomers,53-57 we plunge ahead here in the spirit of determining connectivity and postponing the determination of relative configuration.",N,True
CC7,10.1002/anie.201916566,"DFT-predicted 1H and 13C NMR chemical shifts, when obtained with an appropriate level of theory, are expected to be accurate enough that deviations between experimental and computed chemical shifts are expected to be approximately 0.2–0.3 ppm or less for 1H NMR, and roughly 5–6 ppm or less for 13C NMR.53-57",N,False
CC8,10.1002/anie.201916566,"Myriad examples have now been published using chemical shifts computed with modern theoretical methods (generally density functional theory, DFT) to support or refute structure assignments.53-56",N,False
CC9,10.1002/cbdv.201700294,"NMR absolute shieldings were then computed for all conformations using the GIAO method, at the B3LYP/6-311+G(2d,p), accordingly to a protocol reported in the literature.[40]",N,False
CC10,10.1002/cbdv.202100707,The conformational analysis for compound 1 and its possible isomer through the MMFF94s force field and torsional sampling MCMM (Monte Carlo Multiple Minimum) method.[22],N,False
CC14,10.1002/chem.201602242,"We performed the data evaluation considering the Δδ parameter (differences in experimental vs. calculated 1H and 13C NMR chemical shifts) and the MAE parameter (MAE=Σ[|δexp−δcalcd|]/n, summation through n absolute values of the differences in the corresponding experimental and calculated 1H and 13C chemical shifts), which have been successfully used in the characterization of unknown stereostructures by us13 and by other research groups.16",N,False
CC18,10.1002/cjoc.202200383,"Thereby, theoretical NMR calculations and DP4+ analysis[11-14] were performed with the two candidates 2a and 2b, and the results revealed isomer-2a (20R*,23S*) displayed better correlation coefficients R2, and with an overall DP4+ (1H and 13C data) probability of 100% (Figure 4 and Figures S5 and S6, SI).",Y,True
CC19,10.1002/ejoc.201403457,"Based on the conformational search in the previous section, 1H NMR chemical shifts were calculated according to the general protocol described by Willoughby et al.18",Y,True
CC20,10.1002/ejoc.201403457,"1H NMR calculations were carried out with the GAIO (gauge invariant atomic orbitals) method26 at the B3LYP/6-311+G(2d,p)//M06-2X/6-31+G(d,p) level of theory in chloroform (ϵ = 4.7113), according to the general procedure described by Willoughby et al.18",Y,True
CC22,10.1002/ejoc.201901363,"For the level of theory used herein [B3LYP/6-311+G(2d,p)//M06-2X/6-31+G(d,p)] the following values have been calculated by Willoughby et al.:[16] for 1H: intercept = 31.9477, slope = –1.0767; for 13C: intercept = 181.2412, slope = –1.0522.",N,False
CC23,10.1002/ejoc.202000158,"Single point NMR calculations (B3LYP/6- 311+G(2d,p)/M06-2X/6-31+G(d,p))[34] of 36 and dia-36 showed closer agreement for the synthesized sample being compound 36.",Y,True
CC25,10.1002/mrc.4302,The detailed procedure was generally based upon the protocol reported by Willoughby et al.44,Y,True
CC27,10.1002/mrc.4411,The NMR and free-energy data were assembled by using the python script created by Willoughby.[83],Y,True
CC29,10.1002/mrc.4502,"In the common procedures, conformational weighting of NMR parameters is performed accordingly to the Boltzmann populations obtained through the computed energies of found minima in the potential surface.[21]",N,False
CC30,10.1002/mrc.4527,"Instead of only determining the connectivity (often called ‘flat structure’), the automatic structure determination could include computer modeling and 3D NMR information.[34]",N,False
CC31,10.1002/mrc.4818,"Scaling factors (slope = −1.0522, inter- cept = 181.2412) are applied to the 13C NMR shielding tensors (B3LYP/6–311+G(2d,p)//M06‐2X/6–31+G(d,p) to calculate the 13C NMR chemical shifts.[21,22]",N,False
CC32,10.1002/mrc.4892,Note that we have used the most stable conformation and not a Boltzmann‐averaged conformation.[29],N,False
CC33,10.1002/mrc.4951,"User‐friendly protocols have been made available which facilitate the entry to this technique to the non‐specialists.[7,9]",N,False
CC34,10.1002/mrc.4951,MMFF94 ensembles were obtained with a “standard” energy threshold of 21 kJ/mol in vacuo.[9],N,False
CC35,10.1002/mrc.4959,"The two were used in conjunction with the 6‐ 311++G(d,p) basis set.[35,36]",N,False
CC36,10.1002/mrc.4959,"The shielding constants were calculated mainly at the MP2 and MPW1PW91 levels of theory, using the 6‐ 311+G(2d,p) basis set.[35,36]",N,True
CC43,10.1002/pssb.201800335,The relative free energies of the four investigated complexes were obtained from the frequency calculations including thermal corrections to SCF energies.[40],N,False
CC48,10.1007/164_2022_617,"For a pure sample of a small molecule compound analyzed in a modern high-field instrument using 1H and 13C NMR, it is typically possible to assign a definitive structure via computational modeling and/or manual interpretation (Willoughby et al. 2014).",N,False
CC49,10.1007/978-981-10-5966-7_17,The evaluation of physical properties of compounds using theoretical values from quantum chemical calculations has been a topic of computer science research in recent years [83].,N,False
CC50,10.1007/s00706-017-2056-z,"Normally, the energy barrier for bond rotation is sufficiently low that interconversion between two conformers is fast on the NMR scale [17].",N,False
CC51,10.1007/s00706-017-2056-z,MAE is defined as the average of the sum of absolute error between computed chemical shifts and experimental one (Eq. (1)) [17]:(1) where N is the number of unique chemical shifts used in the comparison.,N,True
CC52,10.1007/s00706-017-2056-z,"This NMR chemical shift prediction protocol could be found elsewhere [17, 31].",N,False
CC53,10.1007/s00894-015-2639-8,The latter values were obtained from frequency calculations including thermal corrections to energies [66].,N,False
CC55,10.1007/s00894-016-3172-0,"If a measured compound is subject to conformational isomerism, this is usually treated by performing Boltzmann averaging of all important geometries, which complicates the NMR prediction [91–94].",N,False
CC56,10.1007/s10593-014-1489-0,"In most cases good matching between calculated and obtained data gives correct information on the spatial structure of the investigated molecules [18, 19]. ",N,False
CC64,10.1007/s13659-019-0203-4,"For each possible candidate, the parameters a and b of the linear regression δcal = aδexp + b; the correlation coefficient, R2; the mean absolute error (MAE) defined as Σn |δcal − δexp|/n; the corrected mean absolute error, CMAE, defined as Σn |δcorr − δexp|/n, where δcorr = (δcal − b)/a, were calculated [16, 17].",N,False
CC65,10.1007/s13659-020-00248-y,"The parameters a and b of the linear regression δcal = aδexp + b; the correlation coefficient, R2; the mean absolute error (MAE) defined as Σn|δcal – δexp|/n; the corrected mean absolute error (CMAE) defined as Σn|δcorr – δexp|/n, where δcorr = (δcal – b)/a were calculated [26, 27].",N,False
CC66,10.1007/s13659-022-00342-3,"According to the computational results, including R2, MAE, CMAE [19], and DP4+ probability [20] (Table 3), the C-8/C-8′ dou- ble bond was determined to adopt E geometry.",N,False
CC68,10.1016/b978-0-12-812364-5.00007-9,"Recently, the application of DFT to a complex structure has been described in a useful step-by-step protocol by Willoughby et al. (2014) to provide nonspecialists with a useful tool for validating putative structural assignments.",N,False
CC69,10.1016/s1875-5364(19)30120-7,"For each possible candidate, the parameters a and b of the linear regression δcal = aδexp + b; the correlation coeffi- cient, R2; the mean absolute error (MAE) defined as Σn |δcal – δexp|/n; the corrected mean absolute error, CMAE, defined as Σn |δcorr – δexp|/n, where δcorr = (δcal – b)/a, were calculated [28].",N,False
CC70,10.1016/j.aca.2019.01.023,"To better understand the fluorescence performance of IPPA, density functional theory (DFT) calculation was performed using the B3LYP method on the Gaussian 09 program [58-60], and the spatial distribution and orbital energy of HPIP and IPPA were optimized (Figs. S13eS14).",Y,True
CC71,10.1016/j.apsb.2021.05.001,NMR calculation has been commonly used in structural elucidation and revision of natural products15.,N,False
CC72,10.1016/j.bioorg.2020.104397,"Chemical shift values were calculated from the magnetic shielding tensors using the equation below [17], [18], [19] where δ is the calculated NMR chemical shift for nucleus x, and σo is the shielding tensor for the proton and carbon nuclei in tetramethylsilane calculated with the DFT mPW1PW91/6-311+G(d,p) basis set.",N,True
CC73,10.1016/j.bioorg.2020.104597,"All the conformers were optimized at the B3LYP/6–311++G (2d, p) level using the Gaussian09 package [16–18].",N,False
CC74,10.1016/j.bioorg.2022.106025,"NMR shielding tensors were calculated with the GIAO method [19] at mPW1PW91/6–31 + G(d,p) level with IEFPCM solvent model in chloroform.",N,False
CC75,10.1016/j.bmc.2019.07.021,1H NMR chemical shifts were calculated by Boltzmann-weighted averaging of the shifts of each conformer as described in Ref. 24.,Y,True
CC76,10.1016/j.bmc.2019.07.021,"A Boltzmann- weighted average of the computed chemical shifts for each nucleus was calculated over all conformers of a compound, using the relative free energies obtained from the vibrational frequency calculations as weighting factors.24",Y,False
CC78,10.1016/j.comptc.2014.11.007,"Recently, Willoughby et al. [46] published, “A guide to small-molecule structure assignment through computation of (1H and 13C) NMR”.",N,False
CC79,10.1016/j.comptc.2014.11.007,"In addition, the Boltzmann-weighted chemical shifts were calculated and used to generate the equilibrium NMR spectra (at 298 K) taking into account the relative contribution from the 12 unique conformers identified [46]",Y,True
CC80,10.1016/j.comptc.2014.11.007,Similar methods were employed by Willoughby et al. [46],N,False
CC81,10.1016/j.comptc.2014.11.007,"It has been purported that calculated NMR properties are particularly sensitive to the molecular geometry employed [3], [46].",N,False
CC83,10.1016/j.crci.2019.10.006,"The predicted spectra by MestReNova software are expected to have predicted errors in between 0.8 and 10 ppm (0.5–7%) for 13C NMR and 0.3–0.8 (3–8%) ppm for 1H NMR especially on new chemical structures [43,72].",N,False
CC85,10.1016/j.ejmech.2020.112888,"This is a common procedure for computational NMR studies [30,32,33].",N,False
CC86,10.1016/j.ejmech.2020.112888,"Deviations within 6 ppm for 13C and 0.3 ppm for 1H shifts are considered acceptable [30,32,33].",N,False
CC87,10.1016/j.ejmech.2020.112888,"Deviations of less than 6 ppm for 13C and less than 0.3 ppm for 1H shifts are considered acceptable [30,32,33].",N,False
CC88,10.1016/j.ejmech.2022.114948,"The GIAO NMR chemical shifts of 21 and its 17-epimer (2) were calculated under Gas Phase/mPW1PW91/6-311 + G(d,p) conditions [31].",Y,True
CC89,10.1016/j.fitote.2019.104466,"This trend is reversed for the correlations made from 13C chemical shifts, as the MAE and absolute error for the substructures of group B are that 13C calculated chemical shifts from this level of theory is not useful for a clear distinction between stereoisomers and being so, one can safely assume that the 1H analysis is more relevant for this study [49,50].",N,False
CC90,10.1016/j.fitote.2020.104529,"For 5a and 5b, the parameters a and b of the linear regression δcal = aδexp + b; the correlation coefficient, R2; the mean absolute error (MAE) defined as Σn|δcal – δexp|/n; the corrected mean absolute error (CMAE) defined as Σn|δcorr – δexp|/n, where δcorr = (δcal – b)/a, and DP4+ probability were calculated [22–24].",N,False
CC91,10.1016/j.fitote.2023.105546,"The resulting shielding constants were then converted into chemical shifts by referencing to TMS at 0 ppm (δcal = σTMS – σcal), where σTMS was the shielding constant of TMS calculated at the same level [11].",N,False
CC92,10.1016/j.heliyon.2019.e02518,"The density functional theory (DFT) method has been represented to gain both the precision and scalar performance to let for NMR chemical shift calculations on a routine foundation [48, 49, 50, 51, 52].",Y,False
CC93,10.1016/j.isci.2021.103384,"Least-squares analysis was used to quantitatively determine the relative ratios of the three minimal energy conformations (Willoughby et al., 2014).",N,True
CC95,10.1016/j.jcou.2017.06.012,"It would, however, be interesting to assess the impact of multiple conformers and in this respect, the Boltzmann-weighted averaging [83] is a promising approach.",N,False
CC96,10.1016/j.jff.2017.07.036,"Currently structural elucidation with the aid of computational prediction of proton and carbon NMR chemical shifts by quantum chemical methods has been successfully applied in complicated natural products (Lodewyk, Siebert, & Tantillo, 2012; Willoughby, Jansma, & Hoye, 2014).",Y,True
CC97,10.1016/j.jmr.2018.08.009,"Python scripts as described in Refs. [35,36]",Y,True
CC98,10.1016/j.jorganchem.2018.03.014,"Pi coefficients were estimated to weight the calculated chemicals shifts based on the relative stability of each conformer according to the Boltzmann distribution [18,19].",Y,True
CC99,10.1016/j.jphotochem.2018.04.039,"The computed NMR shielding tensors were converted to chemical shifts by the use of empirical scaling factors [56,59] that are derived from linear regression analysis of a test set of molecules [60] at the same level of theory.",N,False
CC100,10.1016/j.molliq.2022.120342,"The reason is that the shielding effect of OAH is reduced and the chemical shift value moves to the lower field intensity in ChCl [10,60,71].",N,False
CC101,10.1016/j.molliq.2022.120342,"In DES2 and DES3 systems (Fig. 2), the chemical shift value of –OH on the carboxyl group shifts to the lower field intensity and the narrower and higher peaks changes to wider and shorter ones indicating that the –OH of CH3COOH and CH3CH2COOH forms a hydrogen bond (Osingle bondH···Cl) with Cl– in ChCl [71]",N,False
CC102,10.1016/j.molstruc.2014.07.020,"Contrary to comparisons between experimental chemical shifts, including those determined in the solid state (Fig. 4) that are increasingly common [30,31], quantitative comparisons between experimental and calculated splittings have not been reported.",N,False
CC103,10.1016/j.molstruc.2015.08.028,The NMR and free-energy data were assembled by using the python script created by Willoughby et al. [38].,Y,True
CC105,10.1016/j.molstruc.2017.09.058,"Employing basis sets dependent on explicit external magnetic fields, GIAO is the most reliable and widely used method to compute nuclear magnetic shielding tensors [46e50].",N,False
CC106,10.1016/j.molstruc.2017.09.058,"A conformational analysis with energy minimization was performed to search the most stable molecular structure from the sampling space of each oxime shown in Fig. 1 [20,49,50].",N,False
CC107,10.1016/j.molstruc.2017.09.058,"Systematic and random methods were carried out according to the number of rotatable bonds, in a 30 kcal/mol energy range [20,49e51].",N,False
CC108,10.1016/j.molstruc.2017.09.058,"In the random approach, the Monte Carlo method was applied to the other oximes in order to generate different conformations [20,50,51].",N,False
CC109,10.1016/j.molstruc.2017.09.058,The minimum of each geometry was confirmed by frequency calculations without any imaginary frequency [50].,N,False
CC110,10.1016/j.molstruc.2017.09.058,"For this reason, the structure of TMS was also computed by the same methodology employed for the oximes including the solvent effects of CHCl3 and CH3OH on geometry optimizations [39], [50].",N,False
CC111,10.1016/j.molstruc.2017.09.058,"The isotropic magnetic shielding constant (σ) was calculated by the GIAO method [36] at the DFT/B3LYP level, with the 6–311++G(2d,p) basis set [39], [49], [50] using the Gaussian 09 program [54].",N,False
CC112,10.1016/j.molstruc.2017.09.058,"The mean error (ME) and mean absolute error (MAE) [49,50] were expressed by Eqs. (4)e(6). ",N,False
CC113,10.1016/j.molstruc.2017.09.058,"Linear regression analyses of the correlation between δiCalc(ppm) and the δiExp(ppm) data were performed in four optimization protocols for each molecule [39], [41], [49], [50] as follows: 1. in gas-phase, with SCE (only for 1H NMR); 2. in gas-phase, without SCE (for both 1H and 13C NMR); 3. in CHCl3 solution for uncharged oximes [13], or in CH3OH for charged ones [10], with SCE (only for 1H NMR); 4. in CHCl3 solution for uncharged oximes [13], or in CH3OH solution for charged ones [10], without SCE (for both 1H and 13C NMR).",N,False
CC114,10.1016/j.molstruc.2017.09.058,"Uncorrected δiCalc(ppm) are associated with MAE > 0.4 ppm for the 1H shifts and MAE > 10 ppm for the 13C ones, considering the common practice on symmetry-related i average for all nuclei discussed before [49], [50].",N,False
CC116,10.1016/j.molstruc.2018.03.050,"All conformers were subjected to the DP4 and MAE analyses [17e19,27,28].",N,False
CC117,10.1016/j.molstruc.2018.10.064,"Aiming at the stereochemical assignment of molecules, computational calculations have been increasingly applied to predict NMR properties, including 1H and 13C NMR chemical shifts and coupling constants. [26e30].",N,False
CC118,10.1016/j.molstruc.2018.11.085,"Scaling factors (slope = −1.0522, intercept = 181.2412) are applied to the 13C NMR shielding tensors (B3LYP/6-311 + G (2d,p)//M06-2X/6-31 + G (d,p) to calculate the 13C NMR chemical shifts [26].",N,False
CC119,10.1016/j.molstruc.2019.01.052,"The applied procedure is in principle analogous to the one described by Willoughby [43], with slight modifications and different software packages used.",Y,True
CC120,10.1016/j.molstruc.2019.01.052,"For shielding constant calculation the GIAO method was employed, as a method of choice for this type of calculations [43,46].",N,False
CC121,10.1016/j.molstruc.2020.128157,"Scaling factors (slope = −1.0522, intercept = 181.2412) are applied to the 13C NMR shielding tensors (B3LYP/6-311+G(2d,p)//M06–2X/6-31+G(d,p) to calculate the 13C NMR chemical shifts [25].",N,False
CC122,10.1016/j.molstruc.2020.128834,Determination of the scaling parameters avoids the obligation of 13C shielding calculation for the reference nuclei (TMS) in order to compare calculated and experimental chemical shifts and their usage is recommended in the literature [32].,N,False
CC123,10.1016/j.molstruc.2021.131159,"Only five of them have been found as unique conformers and their relative Boltzmann populations were calculated using the formula: where ΔGi are the relative (Gibbs) free energies, kB is the Boltzmann constant, and T is the temperature (T = 298 K) [[23], [24]–25].",Y,True
CC124,10.1016/j.molstruc.2021.131159,We used the Gibbs free energy for Boltzmann population calculations as recommended in Ref. [24].,Y,True
CC125,10.1016/j.molstruc.2022.132883,Similar equations have been proposed by other authors [46–50].,N,False
CC126,10.1016/j.phytochem.2018.10.022,"The chemical shift (CS) values were calculated according to the guide of the NMR CS assignment of small molecule structures (Willoughby et al., 2014).",Y,True
CC127,10.1016/j.phytochem.2022.113136,"Then, Boltzmann-weighted averages of the chemical shifts were calculated to scale them against the experimental values (Willoughby et al., 2014; Xu et al., 2019).",Y,True
CC131,10.1016/j.phytochem.2022.113278,"Then, Boltzmann-weighted averages of the chemical shifts were calculated to scale them against the experimental values (Willoughby et al., 2014; Xu et al., 2019).",N,True
CC133,10.1016/j.phytochem.2023.113690,"The shielding constants obtained were converted into chemical shifts by referencing to TMS at 0 ppm (_cal = _TMS – _cal), where the _TMS was the shielding constant of TMS calculated at the same level (Willoughby et al., 2014).",N,True
CC134,10.1016/j.phytol.2015.07.004,"Additionally, calculation of the mean average error (MAE < 0.1 ppm) gave a satisfying result and confirm the relative stereochemistry as 3S*, 5S*, 10S*, 13R*, 14S*, 17R*, 20R* (Willoughby et al., 2014).",N,False
CC135,10.1016/j.phytol.2019.12.008,"To confirm the 1H and 13C NMR assignments of compound 1, we performed computational NMR chemical shifts prediction using DFT quantum mechanical calculations (Willoughby et al., 2014)",Y,True
CC136,10.1016/j.phytol.2019.12.008,"NMR shielding tensors were computed with the GIAO (gauge-independent (or including) atomic orbitals) method in Gaussian 16 using the DFT/MPW1PW91 functional with the 6-311+G(2d,p) basis set, with acetone as the solvent, and the obtained tensor values were then converted to the predicted chemical shifts using the equation described in (Willoughby et al., 2014) (Table 1S, supplementary data).",N,False
CC137,10.1016/j.phytol.2019.12.008,"The mean absolute error (MAE) between the computed and the experimental data sets was 0.0825, which is within the “correct fit” cut off of 0.10 ppm (Willoughby et al., 2014).",N,False
CC138,10.1016/j.phytol.2019.12.008,"The obtained tensor values were then converted to predicted chemical shifts using the equation described in Willoughby et al. (2014) with appropriate scaling and referencing factors (slope and intercept, respectively) obtained from http://cheshirenmr.info/ScalingFactors.htm.",N,False
CC139,10.1016/j.phytol.2019.12.008,"MAEs of ≤0.10 ppm are considered to be ‘correct’ fits and those of ≥0.20 ppm are considered to be ‘incorrect’ structure matches (Willoughby et al., 2014).",N,False
CC141,10.1016/j.phytol.2023.03.005,"NMR shielding tensors were calculated with the GIAO method (Willoughby et al., 2014) at mPW1PW91/6–31 +G(d,p) level with IEFPCM solvent model in DMSO.",N,False
CC145,10.1016/j.polymer.2022.125153,DFT was also used to calculate chemical shifts in DMSO [31].,N,False
CC149,10.1016/j.tet.2015.03.016,The 1H and 13C NMR chemical shifts of (4‴S)-12 and (4‴R)-12 were calculated to determine the configuration at the C-4‴ position.20,Y,True
CC150,10.1016/j.tet.2015.03.016,"The 1H and 13C NMR chemical shifts of the low-energy conformers with Boltzmann populations greater than 1% were calculated using the GIAO method at the mPW1PW91-SCRF/6-311+G(2d,p)//B3LYP-SCRF/6-31G(d,p) level in acetone (PCM).20",Y,True
CC151,10.1016/j.tet.2016.12.027,"The 1H and 13C NMR chemical shifts of low-energy conformers with Boltzmann populations greater than 1% were calculated by DFT using the gauge-including atomic orbital (GIAO) method at the mPW1PW91/6-311þG(2d,p) level in acetone (PCM).11",Y,True
CC152,10.1016/j.tet.2016.12.027,"The 1H and 13C NMR chemical shifts of the low-energy conformers with Boltzmann populations greater than 1% were calculated using the gauge- including atomic orbital (GIAO) method at the mPW1PW91-SCRF/ 6-311þG(2d,p) level in MeOH (6) or acetone (4, 5, and 7) (PCM).11",Y,True
CC153,10.1016/j.tet.2019.03.056,The DP4þ probabilities of each possible candidate were calculated with the EXCEL spreadsheet provided by Sarotti et al. [33].,N,False
CC154,10.1016/j.tet.2022.132955,"To overcome this issue, quantum chemical calculations of the NMR data of four diastereoisomers (2R*,4R*-1, 2R*,4S*-1, 2S*,4R*-1, and 2S*,4S*-1) were carried out at the B3LYP/ 6-31G*//PCM/mPW1PW91/6-31þG** level [19].",Y,True
CC155,10.1016/j.tetlet.2018.02.031,"The calculated ECD spectra of 1Aa resembled the experimental ECD curve of 1, and they exhibited a strong negative Cotton effect at 221 nm (Δε –0.74) and a weak negative Cotton effect at 275 nm (Δε –0.20) (Fig. 4), respectively, which ultimately defined the absolute configuration16, 17, 18 and elucidated the structure of 1.",N,False
CC156,10.1016/j.tetlet.2019.05.061,"To confirm the structure of compound 1 determined on the basis of HRMS and NMR spectroscopic data, NMR calculation was carried out at mPW1PW91/6-311+G(2d,p) (giao,scrf) [18].",Y,True
CC157,10.1016/j.tetlet.2019.05.061,"All these benzodiazepine derivatives were generated from two anthranilic acids and one amino acid, which is glycine for circumdatin K [18], proline for circumdatins A [15,16], B [15,16], D [22], E [22], H [24] and J [26], and alaine for circumdatins C [16,21], F [22], G [23], I [25] and L [19], respectively.",N,False
CC160,10.1016/j.xphs.2017.08.008,"The latter values were obtained from the frequency calculations including thermal corrections to energies.64, 65, 66, 67",N,False
CC161,10.1016/j.xphs.2017.08.008,"To express the chemical shifts in terms of the total computed NMR shielding tensors, the scaling and referencing factors were derived from linear regression analysis, according to Willoughby et al.65",N,False
CC162,10.1016/j.xphs.2017.08.008,"Next, the theoretical chemical shifts were derived from the computed NMR shielding tensors by using the scaling and referencing factors (slope and intercept, respectively)65 derived from linear regression analysis (see Supplementary Table SI.4).",N,False
CC166,10.1021/acs.analchem.0c04341,"BW is currently considered the gold standard of conformer averaging used for CCS, NMR chemical shift calculations,41 as well as for other chemical properties.",Y,True
CC167,10.1021/acs.analchem.0c04341,"BW is supported in the literature as the current gold standard approach, even for other properties such as NMR chemical shift calculations.41,42,46",N,False
CC168,10.1021/acs.analchem.2c05145,"For the hits without experimental NMR spectra available, their theoretical 1H NMR spectra can be empirically predicted.40",Y,True
CC169,10.1021/acs.analchem.8b04567,"For example, infrared spectra,37 nuclear magnetic resonance chemical shifts,38 and molecular collisional cross sections (CCS) can be calculated from first-principles, showing success where machine learning approaches39 have underperformed.",N,False
CC170,10.1021/acs.analchem.8b04567,"Because Boltzmann weighting by energy offers theoretical improvements over minimum-energy methods,38 it was selected for the Standard method of ISiCLE.",Y,True
CC174,10.1021/acs.energyfuels.1c04336,"Previous results demonstrate that coke formation is highly related to the pore structure and acidity of the zeolite.13,16,51,52",N,False
CC175,10.1021/acs.jcim.2c01093,"The M06- 2X functional in combination with Pople’s 6-31 + G(d,p) was chosen as the best compromise to accurately describe nonbonded interactions as suggested by Willoughby and co- workers.55",N,False
CC176,10.1021/acs.jctc.0c00860,"For geometry optimization, the substrate solvation cavities were modeled using the united-atomic radii (UA0), while for chemical shielding calculations, the substrate solvation cavities were modeled using the Bondi atomic radii51 as suggested by Willoughby and co-workers.52",N,False
CC179,10.1021/acs.jctc.7b00772,"In fact, Willoughby et al. have published a Nature Protocol for assigning 1H and 13C chemical shifts.6",N,False
CC180,10.1021/acs.jctc.7b00772,There are another two issues that in general should be considered regardless of the underlying computational methodology: averaging chemically equivalent signals and Boltzmann weighting of conformers.6,N,False
CC181,10.1021/acs.jctc.7b00772,"In the above case, the energy difference was calculated to be 2.00 kcal/mol in favor of the equatorial conformer, resulting in a 97:3 equatorial:axial ratio.6",Y,True
CC182,10.1021/acs.jmedchem.9b00716,"In order to measure what is the preferred conformation and its population, we performed conformational analysis by NMR17 encompassing an exhaustive analysis of multiple NMR constraints, including chemical shifts, through-space distances between pairs of atoms (derived from NOEs and/or dipolar couplings), and torsion angles (derived from J-couplings).9,12,18−21",Y,True
CC183,10.1021/acs.jnatprod.0c00745,"For each particular configuration, an ensemble of conformations is generated through standard procedures.54,55",N,False
CC184,10.1021/acs.jnatprod.0c00745,"This is a well-known protocol successfully used to fit RDCs, which avoids the difficult assignment step.54,55",N,False
CC185,10.1021/acs.jnatprod.0c00745,"As mentioned above, in a first step allowing to circumvent the necessity of the assignment of two deuterons of methylenes,58 the corresponding RQC values were averaged during the fitting.54,55",N,False
CC186,10.1021/acs.jnatprod.0c00910,"Gas phase minimizations were submitted directly to GIAO NMR calculations at the mPW1PW91/6- 311+g(2d,p) level of theory.25",N,False
CC187,10.1021/acs.jnatprod.0c00910,Shielding tensors were extracted from Gaussian out files and Boltzmann weighted following the published procedure25 on a Windows 10 operating system.,N,False
CC188,10.1021/acs.jnatprod.0c00929,Automation processes with the Gowonda HPC were carried out using modified python scripts based upon the Willoughby protocol. (37),Y,True
CC195,10.1021/acs.jnatprod.1c00185,"The shielding constants obtained were converted into chemical shifts by referencing to TMS at 0 ppm (δcal = σTMS − σcal), where the σTMS was the shielding constant of TMS calculated at the same level.20",N,False
CC196,10.1021/acs.jnatprod.1c00738,"To understand this variation in the chemical shift of hydrogens of compounds 1 and 2, the three-dimensional structures of 1, 2, and nepalenside B were computationally analyzed by conformational energy searching using molecular mechanics and semiempirical quantum chemistry methods,20−27 with the lower-energy conformations further geometrically optimized using the density functional theory (DFT).20",N,False
CC197,10.1021/acs.jnatprod.1c00738,The mean absolute errors (MAEs) between the computed and experimental chemical shift sets were used to quantitatively evaluate the goodness of fit of the modeled stereoisomers.27,N,False
CC200,10.1021/acs.jnatprod.2c00151,Automation processes with the Gowonda HPC were carried out on a Windows 10 PC with modified python scripts based upon the appended Willoughby protocol.35,Y,True
CC202,10.1021/acs.jnatprod.2c00257,"In parallel to anisotropic NMR approaches, a number of computational protocols based on the prediction of chemical shifts, by means of quantum mechanical DFT computations,36 have been developed in recent years and have been become a very important tool for the determination of relative configurations.37",N,False
CC203,10.1021/acs.jnatprod.2c00332," To further support this structural revision, DFT-based NMR calculations on 1 and 1a were performed.13",Y,True
CC205,10.1021/acs.jnatprod.2c01140,Automation processes with the Gowonda HPC were carried out using a Windows 10 PC and modified python scripts based upon the Willoughby protocol.26,Y,True
CC206,10.1021/acs.jnatprod.3c00139,Automation processes with the Gowonda HPC were carried out using a Windows 10 PC and modified python scripts based upon the appended Willoughby protocol.86,Y,True
CC207,10.1021/acs.jnatprod.5b00439,"The 1H and 13C NMR chemical shifts and 1H−1H coupling constants of the lowest-energy conformers of 1 and 4 were estimated by density functional theory (DFT) calculations using the GIAO method at the mPW1PW91-SCRF/6-311+G- (2d,p) level (for NMR chemical shifts)22 or the B3LYP/6- 31G(d,p)u+1s level (for 1H−1H coupling constants).23",N,False
CC208,10.1021/acs.jnatprod.5b00439,"NMR chemical shifts of the lowest-energy conformers were calculated using the GIAO method at the mPW1PW91-SCRF/6-311+G(2d,p)//B3LYP-SCRF/ 6-31G(d,p) level in acetone (PCM).22",N,False
CC209,10.1021/acs.jnatprod.5b00695,"This procedure was used, since the chemical shifts are the most diagnostic parameters of the local chemical and magnetic environment and the most reliably addressable by quantum chemical calculations. (19)",N,False
CC210,10.1021/acs.jnatprod.5b00832,"The NMR chemical shifts of (3a′S,8a′S)-5 and (3a′R,8a′R)-5 were also calculated using the gauge-including atomic orbital (GIAO) method at the mPW1PW91/6-311+G(2d,p) level in acetone (PCM) (8) (Tables S5–S8, Supporting Information).",Y,False
CC211,10.1021/acs.jnatprod.5b00832,"The 1H and 13C NMR chemical shifts of the low-energy conformers with Boltzmann populations greater than 1% were calculated using the GIAO method at the mPW1PW91-SCRF/6- 311+G(2d,p)//B3LYP-SCRF/6-31G(d,p) level in acetone or DMSO (PCM).8",Y,False
CC212,10.1021/acs.jnatprod.6b00574,"Therefore, in order to provide further evidence for our structural assignment of 2, 1H NMR chemical shifts were calculated and compared with the experimental data according to the protocol of Willoughby and collaborators.9",Y,True
CC213,10.1021/acs.jnatprod.6b00574,"As can be seen in Tables S5 and S8, the matched mean absolute error was <0.17 ppm.9",N,False
CC214,10.1021/acs.jnatprod.6b00574,NMR shielding tensors were computed with the gauge-independent atomic orbital (GIAO) method and the polarizable continuum model using the integral equation formalism variant (IEFPCM) as the SCRF method.9,N,False
CC215,10.1021/acs.jnatprod.6b00799,"We and others have successfully applied this approach,64−66 and we are planning to extend the present study in this direction.",Y,True
CC216,10.1021/acs.jnatprod.7b00587,The generation of conformers was performed using Schrödinger MacroModel 2016 by following the protocol reported by Willoughby et al. (24),N,False
CC217,10.1021/acs.jnatprod.7b00807,"Over recent years, the use of computational modeling has emerged as a supplementary method to determine the arrangements of these molecules, being able to calculate not only NMR chemical shifts6 but also other physical properties such as circular dichroism or infrared data.",N,False
CC218,10.1021/acs.jnatprod.7b00926,The group of Hoye has also provided scripts for automation of GIAO computations according to their recently published protocol.27,N,False
CC219,10.1021/acs.jnatprod.8b00024,Gas-phase geometry optimization and frequency calculations were performed at the B3LYP/6-31G level and were analyzed for duplicate conformers and imaginary frequencies using a Python script.83,Y,True
CC220,10.1021/acs.jnatprod.8b00234,"Consequently, in order to assign the C-10′ configuration, we applied a DFT/ NMR approach that has been successfully used in the characterization of unknown stereostructures by us18−22 and by other research groups.23",Y,True
CC221,10.1021/acs.jnatprod.8b00494,Schrödinger MacroModel 2016 was used to generate conformers using Willoughby et al.’s protocol.21,N,False
CC222,10.1021/acs.jnatprod.8b00567,NMR chemical shifts were predicted using a protocol similar to that outlined by Willoughby et al.68,Y,True
CC223,10.1021/acs.jnatprod.8b00713,Computational methods4−6 that involve predictions of chemical shift values and associated mean absolute error (MAE) values have provided a valuable complementary approach.,N,False
CC224,10.1021/acs.jnatprod.8b00713,Computational methods4−6 comparing experimental and time-dependent density functional theory (TDDFT)-derived ECD data14 can facilitate the assignment of absolute configuration for a natural product providing a chromophore is present and spatially near the stereogenic center.9,N,False
CC225,10.1021/acs.jnatprod.8b00838,"The 1H and 13C NMR chemical shifts of the low-energy conformers with Boltzmann populations greater than 1% were calculated using the gauge-including atomic orbital (GIAO) method at the mPW1PW91/6-311+G(2d,p) level (PCM).13",Y,True
CC226,10.1021/acs.jnatprod.8b00956,The lowest energy conformers of 1 were generated using Schrödinger MacroModel 2016 by following the procedure reported by Willoughby et al.20,N,False
CC227,10.1021/acs.jnatprod.8b01054,The mean absolute error (MAE) between the computed and experimental chemical shift sets was used to quantitatively evaluate goodness of fit of the modeled stereoisomers.38,N,False
CC228,10.1021/acs.jnatprod.9b00173,The conformational analysis of each compound was performed with Schrodinger MacroModel 2018 as described by Willoughby et al.43,N,False
CC229,10.1021/acs.jnatprod.9b00416,"A standard pipeline was used initially for performing this analysis: (1) a library of conformers was created using automatic sampling tools based on molecular mechanics calculations; (2) density functional theory (DFT) calculations were applied to determine optimized geometries, free energies, and NMR shielding tensors for NMR chemical shift predications; (3) Boltzmann averages of NMR shift data were assembled, and computed chemical shifts and ECD spectra were compared to experimental data.22",Y,True
CC230,10.1021/acs.jnatprod.9b00493,Conformational analysis of 4 was performed with Schrödinger MacroModel 2016 by following the method of Willoughby et al.35,N,False
CC231,10.1021/acs.jnatprod.9b00551,Generation of conformers was carried out using Schrodinger MacroModel 2016 using parameters outlined by Willoughby et al.25,N,False
CC232,10.1021/acs.jnatprod.9b00859,"Here, we report the use of quantum chemical calculations of NMR chemical shifts11−13 to demonstrate that the original structure of serlyticin-A may have been misassigned, and we provided several plausible alternative structures.",Y,True
CC233,10.1021/acs.jnatprod.9b00859,Deviations of less than 6 ppm for 13C and less than 0.3 ppm for 1H shifts are considered acceptable.13−15 ,N,False
CC234,10.1021/acs.jnatprod.9b00859,"Deviations of less than 6 ppm and less than 0.3 ppm between experimental and computed 13C and 1H shifts, respectively, are considered acceptable.13−15",N,False
CC235,10.1021/acs.jnatprod.9b00859,Deviations of less than 6 ppm for 13C and less than 0.3 ppm for 1H shifts are considered acceptable.13−15,N,False
CC236,10.1021/acs.jnatprod.9b00859,Many such misassignments can be avoided through judicious application of NMR chemical shift calculations.9−13,N,False
CC237,10.1021/acs.jnatprod.9b00859,This procedure is well precedented for computational NMR studies.11−13,N,False
CC238,10.1021/acs.jnatprod.9b00917,A density functional theory (DFT) calculation of the 13C NMR chemical shifts was performed to determine the configuration.24−26,Y,True
CC239,10.1021/acs.jnatprod.9b01108,"Basically, the protocol involves a conformational search using molecular mechanics, geometry optimization using density functional theory (DFT) with M06-2X/6-31+G(d), and chemical shift calculations using the GIAO method with the B3LYP/6-311+G(2d,p) level of theory. (26,27)",Y,True
CC240,10.1021/acs.joc.0c01988,"We used Hoye’s protocol to perform conformational searches by Monte Carlo/molecular mechanics followed by further geometric optimizations and frequency calculations at the M06-2X/6-31+G(d,p) level of theory.27",N,False
CC241,10.1021/acs.joc.0c02214,"The parameters a and b of the linear regression δcal = aδexp + b, the correlation coefficient R2, the mean absolute error (MAE) defined as Σn|δcal − δexp|/n, and the corrected mean absolute error (CMAE) defined as Σn|δcorr − δexp|/n, where δcorr = (δcal − b)/a were calculated.32",N,False
CC243,10.1021/acs.joc.2c01415,"Those conformers with Boltzmann-weighted averages representing more than 1.5% were subjected to additional calculations at the APFD/aug-cc-pVDZ level (GIAO,42 scrf, MeOH) to obtain the NMR shielding tensors.",Y,False
CC244,10.1021/acs.joc.5b00421,"Correlations between DFT-computed and experimental 13C NMR chemical shifts give correlation coefficients (R2) that are expected for correctly assigned structures of small-sized organic molecules (Figure 4 and Table 1).25,28",Y,True
CC245,10.1021/acs.joc.5b02396,"Recent years have witnessed an increase in the use of quantum chemistry approaches in solving structural validation problems,4 facilitated by the capability of most computational chemistry software packages to compute NMR parameters in a user-friendly environment.5",N,False
CC246,10.1021/acs.joc.5b02396,"It is well-known that even small errors in the starting geometry can lead to significant errors in the computed chemical shifts.4b,5",N,False
CC247,10.1021/acs.joc.6b01431,"For each intermediate, a conformational distribution was generated through stochastic Monte Carlo guided searches at the molecular mechanics (MMFF) level of theory.71",N,False
CC251,10.1021/acs.joc.8b02724,"This diastereomer was assigned as (5aR,11aS)-3g based on 2D NMR analysis and DFT-predicted NMR spectra.29",Y,True
CC252,10.1021/acs.joc.8b02975,"We then used quantum chemistry to predict the most likely stereostructure for 2, based on computed 13C and 1H chemical shifts for each of the 32 possible diastereomers.31",Y,True
CC253,10.1021/acs.joc.8b02975,"Although MMFF geometries have been used in structure prediction,31c,33 DFT optimization allows for more confident structural assignment as there is a narrower distribution of errors with respect to experimental chemical shifts.16a,31c",N,False
CC254,10.1021/acs.joc.8b02975,"Although MMFF geometries have been used in structure prediction,31c,33 DFT optimization allows for more confident structural assignment as there is a narrower distribution of errors with respect to experimental chemical shifts.16a,31c",N,False
CC255,10.1021/acs.joc.8b03028,"Adopting Hoye’s protocol for structure assignment through computation of NMR chemical shifts (Figure S1),25 we assigned the configuration of the newly formed stereocenter as (S).",Y,True
CC256,10.1021/acs.joc.8b03028,The evaluation of Boltzmann-averaged 13C and 1H magnetic shielding tensors and isotropic chemical shifts from density functional theory (DFT) followed Hoye’s protocol25 adapted as follows.,Y,True
CC257,10.1021/acs.joc.9b01633,The method used for the calculation of the NMR shifts follows a procedure recommended in literature.40,Y,True
CC259,10.1021/acs.jpca.1c08687,"To date, several computational protocols have been suggested for establishing the stereochemistry of compounds with multiple asymmetric centers based on the accurate calculation of their NMR chemical shifts11,15,35−38 within the GIAO framework.39",N,False
CC260,10.1021/acs.jpca.7b01954,"Among the various QC methods, density functional theory (DFT) has been shown to yield both the accuracy and numerical efficiency to allow for NMR chemical shift calculations on a routine basis.17−24",N,False
CC261,10.1021/acs.jpca.7b01954,For the calculation of the chemical shifts we largely follow the approach described previously.21,Y,True
CC262,10.1021/acs.jpcc.6b06155,Theoretical NMR chemical shifts were predicted using a protocol similar to that outlined in Willoughby et al.41,Y,True
CC263,10.1021/acs.macromol.7b01692,"Density functional theory (DFT) based methods were used to compute 13C chemical shifts of long and short chain branching points (Br and Br′ in Figure 1).34,35",Y,True
CC267,10.1021/acs.orglett.0c03565," To determine the configuration of C-32 and C-35 in 1, we employed the quantum-mechanical NMR calculation method,10 which was successfully used in the configuration assignment of natural products including the flexible cyclic peptides and cyclolipopeptides.11",Y,True
CC268,10.1021/acs.orglett.2c02187,"Further efforts to validate the configuration of C-16 employed the GIAO NMR calculation method of the two possible models, 3R,6S,7S,13R,14R,16S,7′′S-1 (1a) and 3R,6S,7S,13R,14R,16R,7′′S-1 (1b) (Figure S3).14",Y,True
CC269,10.1021/acs.orglett.5b00902,"We then turned to 13C NMR modeling of the eight possible diastereoisomers,16 and more specifically to the application of a well established calculation of the DP4 probability.17",Y,True
CC270,10.1021/acs.orglett.6b02832,Both possible diastereoisomers (1a and 1b) were first submitted to a conformational search with the Macromodel program using the protocol developed by Hoye et al.13,N,False
CC271,10.1021/acs.orglett.7b03706,"The sodium carboxylates of four possible thelepamide diastereomers (1a−d, see Figure 4) were initially submitted to a conformational search with the Macromodel program using the protocol of Hoye et al.26",N,False
CC272,10.1021/acs.orglett.9b01248,"Carbon chemical shifts are very powerful for constitution determination, especially as empirical predictive methods are being superseded by much more accurate methods based on GIAO−DFT (gauge- independent atomic orbital-density functional theory).6",N,False
CC273,10.1021/acs.orglett.9b03216,"The assignment of the relative configurations of 1 and 2 involved calculating nuclear magnetic resonance (NMR) chemical shifts using a widely cited protocol outlined by Willoughby et al., (4) which revealed a surprising operating system dependence on the calculated values due to issues with one of the Python scripts.",N,False
CC276,10.1021/acschembio.5b00894," In addition, the postulated structures can be verified by comparison of experimental data with predictive data.35,36",N,False
CC278,10.1021/ja508119d,"These plots confirm good agreement between theory and experiment, specifically the low-to-moderate values of statistical error parameters for 13C and 1H NMR chemical shifts (Table S4, Supporting Information).23,26−29 ",N,False
CC279,10.1021/jacs.5b07858,"Energies of each of the 30 lowest energy conformations were calculated, and the relevant coupling constants were determined after weighting by the Boltzmann distributions of the associated conformer populations (B3LYP/6-311+G(2d,p)).26",Y,True
CC280,10.1021/jacs.6b07268,"Using density functional theory (DFT), we confirmed that the predicted 1H and 13C NMR data for cochlearenine (11) agree most closely with our experimental data and fully support the assignment of the reported structure.42",Y,True
CC281,10.1021/jacs.6b11081,The M06-2X functional has been suggested for geometry optimization in a guide to small- molecule structure assignment through computation of 1H and 13C NMR CSs.53,N,False
CC282,10.1021/jacs.7b07706,We found density functional theory (DFT) to be critical in confirming the structures of the natural products.69,Y,True
CC283,10.1021/jacs.8b01330,"To bolster our assignment of 2ad-d1, we utilized computational methods29 to predict the chemical shifts of the diastereotopic protons in 2ad.",Y,True
CC284,10.1021/jacs.8b05459,We therefore performed computational studies and compared the resulting conformers and their predicted populations with the NMR spectroscopic data.64,Y,True
CC286,10.1021/jacs.8b13481,"In addition, we sought an additional layer of reassurance using quantum chemically computed NMR chemical shifts.33",Y,True
CC287,10.1021/jacsau.1c00568,"To calculate the 1H and 31P NMR chemical shifts from the optimized structures, we followed the protocol of Willoughby et al.72",Y,True
CC288,10.1021/jo501813d,"To confirm our assignment, a designated protocol, which included a conformational analysis, geometry optimization of each conformer, NMR shielding tensors calculations, and Boltzmann weighting of these tensors, was followed to determine NMR shifts computationally (see the Supporting Information).13",Y,True
CC289,10.1021/np5002384,"Owing to the elimination of coupling information in 1H-BB decoupled spectra, this limitation does not apply to 13C NMR-based methodology5,6 for the validation of structures7 and recognition of incorrect structures of organic molecules, a topic that has recently received increasing attention.",N,False
CC290,10.1021/ol501853y,"Similar structural assignment challenges for natural and synthetic products have been addressed by utilizing modern computational methods,25 where predicted NMR spectra are compared with experiment.",N,False
CC292,10.1038/nature23265,"This severely complicates configurational analysis to the extent that standard approaches based on empirical NMR analysis3, or even recent quantum-chemical approaches using chemical-shift data10–12, are insufficient.",N,False
CC293,10.1038/nature23265,"Applying comparable analyses10,11 that are based on computed NMR chemical shifts for diastereomers 1 and 26–29 could not alone provide structural discrimination, thus highlighting the care that must be taken with NMR-based stereochemical analysis of flexible complex molecules.",N,False
CC294,10.1038/s41467-019-12453-6,"Although an arsenal of methods now exists for structure determination, including NMR spectroscopy5–8, X-ray crystallography remains the most definitive, particularly for molecules with one or more stereogenic centers requiring assignment of absolute configuration.",N,False
CC295,10.1038/s41596-018-0091-9,"The requisite molecular modeling is essentially identical to that previously reported by Willoughby, Jansma, and Hoyce107, and their Python scripts, intended to work within the Maestro environment, can be easily adapted to the present protocol by just changing the combination of functionals and basis sets.",Y,True
CC297,10.1038/s41598-017-06005-5,"The computed NMR shielding tensors were converted to chemical shifts by the use of empirical scaling factors23, 26 that are derived from linear regression analysis of a test set of molecules27 at the same level of theory.",N,False
CC298,10.1039/9781782623946-00369,"Solution nmr has been used to determine primary and stereochemical structures of synthesized37,38 and extracted small molecules in organic and natural chemistry,27,30,39 respectively.",N,False
CC299,10.1039/c4ob01251h,"Although the assignment of the major and minor isomers of product 21 should be considered to be tentative, the use of calculated 13C NMR spectra to assign structures has been validated in many cases.36–38",N,False
CC300,10.1039/c6ob00606j,However using Willoughby et al.’s computational approach we identified the relative configuration of the major isomers in each instance.63,Y,True
CC301,10.1039/c6qo00556j,There are few general methods available for structural corrections and confirmation besides NMR analysis4 including computational NMR methods and total synthesis.,N,False
CC302,10.1039/c6qo00620e,The quantum chemical prediction (QCP) of 13C NMR chemical shifts is a powerful and generally applicable tool for deducing the correct structures of natural products with complex architectures and was applied to confirm the structure of 1.8,Y,True
CC304,10.1039/c7ra06106d,"With improvements in accuracy and affordability, computational modeling of 1H and 13C chemical shifts by ab initio methods based on gauge including atomic orbital (GIAO)20 have found increased utility in natural product assignments.21",Y,False
CC305,10.1039/c7sc01127j,"Following the protocol of Hoye and co-workers,17 32 structures (corresponding to all possible diastereomers at nitrogen 15 and carbons 12, 13, 14 and 17 of 2,18Fig. 2) were generated.",Y,True
CC311,10.1039/c8nr06868b,"To determine the goodness of the fit for each isomer relative to the experimental values, we calculated the mean absolute error (MAE) for each isomer,41 as shown in Table 1.",N,False
CC312,10.1039/c8nr06868b,"The predicted MAE values for the 1H NMR chemical shifts indicate that our fits (∼0.10 ppm) are in line with the errors obtained for much smaller molecular systems.40,41",N,False
CC313,10.1039/c8ob01813h,"Basic methodology for the computational evaluation of NMR has been previously outlined,49 and a similar approach has been employed in this study.",Y,False
CC314,10.1039/c8qo00357b,NMR computations were carried out in the framework of the gauge-independent atomic orbital approach.34,Y,True
CC315,10.1039/c8qo01007b,"Then, quantum chemical calculation16 and QIDA methods succeeded in validating the established structure of 1: (1) good consistency was observed between the theoretical and experimental chemical shifts of 1, as indicated by relevant parameters, including R2 (13C: 0.9989; 1H: 0.9917), MAE (13C: 2.0 ppm; 1H: 0.13 ppm), and CMAE (13C: 1.4 ppm; 1H: 0.11 ppm) (Tables S1, S2 and Fig. S17†); (2) excellent agreement (MAD: 0.06 Å) was found between selected key interproton distances derived from the ROESY spectrum using the PANIC method17 and those extracted from the DFT optimized conformer of 1 (Fig. 4, Table S8†).",Y,True
CC316,10.1039/c9an00950g,"The time-dependent density functional theory (TDDFT) method was applied to obtain the calculated ECD spectra using the Gaussian 09 software.31,32",N,False
CC317,10.1039/c9qo00281b,"Analysis of the results was undertaken on the correlation coefficient (R2), mean absolute error (MAE), corrected mean absolute error (CMAE),18 and DP4+ probability of each candidate, which can confidently exclude the possibilities of 1b, 1d, 1g, and 1h with opposite C-8 and C-10 configurations.",N,False
CC318,10.1039/c9qo00281b,"For each possible candidate, the parameters a and b of the linear regression δcal = aδexp + b; the correlation coefficient, R2; the mean absolute error (MAE) defined as Σn|δcal − δexp|/n; and the corrected mean absolute error, CMAE, defined as Σn|δcorr − δexp|/n, where δcorr = (δcal − b)/a, were calculated.10,18",N,False
CC324,10.1039/d1qo00089f,"Then, theoretical NMR calculations24 and DP4+ analysis25,26 were applied to distinguish the two possible isomers (11R* and 11S*), and the results fully matched the 11R* configuration for compound 1 with 100.00% probability (Fig. S7†).",Y,True
CC325,10.1039/d1qo00089f,All conformations found at least ten times in the result table of conformational searches were examined for their geometry and energy to ensure that there were no redundant conformers and that all logically anticipated conformers had been located.24,Y,True
CC327,10.1039/d2nj02587f,"Additionally, for several compounds the structural characterization is complemented with DFT calculations of NMR parameters and comparison with experimental NMR spectra,26 including compounds not characterized by X-ray diffraction.",N,False
CC328,10.1039/d2nj02587f,Willoughby et al.26 suggest the mean absolute error (MAE) defined by: (N is the number of unique chemical shifts in specific structural model).,N,False
CC329,10.1039/d2nj02587f,"For this reason, the alternative procedure for calculation of dicalc is also performed (also suggested in the paper of Willoughby et al.)26 i.e., directly from the DFT calculated shielding (sicalc), by using the linear equation: where A and B are parameters obtained from the linear regression calculation between sicalc and dicexp values, using all data in this study for which assignation to a particular atom in the NMR spectra can be achieved.",N,False
CC331,10.1055/s-0042-111393,"The calculated data were next compared with the experimental parameters, and according to the results (Table 3S, Supporting Information), the Boltzmann-weighted 1H chemical shifts calculated for the S enantiomer were in agreement with the proposed planar structure of 7 since the mean absolute error (MAE) value was < 0.10 ppm [21, 22].",N,False
CC332,10.1055/s-0042-111393,"The DNA extraction, PCR amplification, sequencing protocols, and phylogenetic analysis were accomplished using methods described previously [21,35,36].",N,False
CC333,10.1055/s-0042-111393,"The RPB2 gene has been used previously for inferring species-level phylogenetic relationships and identifications of Peni- cillium sp. [9,21,38] as a number of type sequences from published taxonomic and phylogenetic studies are available in GenBank for comparison. ",N,False
CC334,10.1055/s-0042-111393,Each set of computed data was compared with the experimental data of 7 and the MAE was determined [21].,N,False
CC335,10.1071/ch20125,The lowest energy conformers of 1 were predicted using Schrödinger MacroModel 2016 by following a previously described procedure.[32],N,False
CC336,10.1071/ch20125,DFT geometry optimized conformers were validated using a previously published script.[32],N,False
CC337,10.1080/07391102.2015.1046937,"The 3D structure of the RpSp paraoxon derivatives were optimized at the B3LYP-6-31G* level using the Gaussian 09 software (Willoughby, Jansma, & Hoye, 2014) to calculate atomic charges for further simulation (Figure 1(a)–(d)).",N,False
CC338,10.1080/10286020.2020.1729135,"Then, Boltzmann-weighted averages of the chemical shifts were calculated to scale them against the experimental values [19,20].",Y,True
CC339,10.1080/10286020.2022.2100359,The free energies DG1 and DG2 were calculated using a python script [21] modified in-house.,N,True
CC340,10.1080/14786419.2018.1509330,"This discrepancy persisted when density functional theory (DFT) calculations (Grimblat and Sarotti 2016, Lodewyk et al. 2012, Willoughby et al. 2014) were used to predict 13C NMR chemical shifts for 4 (SMD(CHCl3)-mPW1PW91/6-311 þ G(2d,p)//B3LYP/6-31 þ G(d,p), scaled; Adamo and Barone 1998, Becke 1993, Jain et al. 2009, Lee et al. 1988, Marenich et al. 2009, Stephens et al. 1994; the Gaussian16 software was used; scaling factors were obtained from: http://cheshirenmr.info).",N,False
CC341,10.1080/14786419.2020.1869969,"The shielding constants obtained were converted into chemical shifts by referencing to TMS at 0 ppm (δcal = σTMS – σcal), where the σTMS was the shielding constant of TMS calculated at the same level (Willoughby et al. Citation2014).",N,False
CC342,10.1142/9781786344090_0003,"The Hoye group has published an casy to follow set of protocols for performing a computational NMR. study, including scripts to help automate the process.63",N,False
CC343,10.1142/9781786344090_0006,Willoughby et al. 9 have produced a helpful workflow to assist in carrying out this sequence of steps for flexible organic molecules.,N,False
CC344,10.1142/9781786344090_0006,"This process can be automated through the use of, e.g., Python scripts. 9, 10",Y,True
CC346,10.1177/1934578x20920042,"The NMR data of compounds 1, 1a, 1b and 1c were generated by using the density functional theory method at the B3LYP/6–31G*(2d,p) level.10",Y,True
CC347,10.1186/s13321-018-0305-8,"For an initial demonstration of ISiCLE, we have compiled a molecule set of 312 compounds from previous studies: Alver [63], Asiri et al. [64], Bally and Rablen [65], Bagno et al. [66], Borkowski et al. [67], Coruh et al. [68], Fulmer et al. [69], Hill et al. [70], Izgi et al. [71], Karabacak et al. [72], Krishnakumar et al. [73–75], Kwan and Liu [45], Li et al. [76], Lomas [77], Osmialowski et al. [78], Parlak et al. [79], Perez et al. [80], Rablen et al. [81], Sarotti and Pellegrinet [82, 83], Sebastian et al. [84], Seca et al. [52], Senyel et al. [85, 86], Sridevi et al. [87], Tormena and da Silva [88], Vijaya and Sankaran [89], Watts et al. [53], Wiitala et al. [90, 91], Willoughby et al. [92], and Yang et al. [93].",N,False
CC348,10.1186/s13321-018-0305-8,Willoughby et al. [92] 2 22 14 7 Cis-/trans-diastereomers of 3-methylcyclohexanol,N,False
CC349,10.1186/s13321-018-0305-8,"First, the initial geometries of axial and equatorial conformers were taken from the study of Willoughby et al. [92].",N,False
CC350,10.1186/s13321-018-0305-8,"Relative free energies of the conformations and Boltzmann weighted NMR chemical shifts were compared to those found in the literature [92, 107–109].",N,False
CC351,10.1186/s13321-018-0305-8,"In the last two decades, many research groups have performed benchmark DFT studies on the accuracy of optimized molecular geometry [92, 114–116], functionals [117, 118], basis sets [88, 119], and solvation models [90, 120, 121] for NMR chemical shifts [60, 122–124].",N,False
CC352,10.1186/s13321-018-0305-8,Boltzmann weighting determines the fractional population of each conformer based on its energy level [92].,Y,True
CC353,10.1186/s13321-018-0305-8,"We weighted 40 axial and 40 equatorial conformers in chloroform and obtained a relative free energy of 1.99 kcal/mol with NWChem, similar to calculations using Gaussian [155] by Willoughby et al. [92], and similar to experimental findings (1.73 kcal/mol [156], 1.93 kcal/mol] [108]) and computed (2.15–2.31 kcal/ mol [107] and 1.68–2.48 kcal/mol [109]) values.",Y,True
CC355,10.1186/s13321-022-00587-7,"Agreement between predicted and experimental chemical shifts can be improved when (i) the basis set is enlarged [104, 122], (ii) the quality of the method is improved for geometry optimization [123, 124], (iii) a scaling procedure is employed [125, 126], (iv) conformational sampling is applied [127], and (v) solvation is taken into account appropriately [128, 129].",N,False
CC356,10.1186/s13321-022-00587-7,"It is known that the 3-21G basis set for geometry optimization is not adequate to obtain high accuracy in NMR chemical shift calculations [127, 140, 141], but in this study it is only used to simulate NMR spectral data in order to obtain a reasonable representative distribution of (likely moderate accuracy) chemical shifts.",N,False
CC357,10.1371/journal.pone.0198321,"To determine the relative configurations of C-2 and C-9, the in silico approach described by Willoughby et al. 2017 [17] was used.",Y,True
CC358,10.1371/journal.pone.0198321,"Theoretical chemical shifts were calculated for the four possible stereoisomers of compounds 1, and 1a based on a computational method described by Willoughby et al. [17], with some minor modifications.",Y,True
CC362,10.3389/fmicb.2022.950857,"The shielding constants were calculated by the GIAO method with TMS (Willoughby et al., 2014).",Y,True
CC363,10.3389/fmolb.2021.756219,"As a result, these methods are often unable to distinguish between diastereomers or account for interspatial coupling (Willoughby et al., 2014; Benassi, 2017), greatly hindering the elucidation of stereochemistry within a polysaccharide.",N,False
CC364,10.3389/fmolb.2021.756219,"We identified 13 other NMR FBS combinations that had been recommended in the literature for NMR predictions and that could be used with implicit solvation on all our compounds (Taubert et al., 2005; Toukach and Ananikov, 2013a; Willoughby et al., 2014; Kemp, 2016; Benassi, 2017; Iron, 2017).",N,False
CC365,10.3390/md19020095,The subsequent DFT isotropic shielding values were then Boltzmann averaged across each of the conformational suites [25] and scaled (with carbons attached to sulfur adjusted binomially) using the procedure reported by Kutateladze et al. [16].,Y,True
CC366,10.3390/md19020095,Modified python scripts based on the Willoughby protocol [25] were used to confirm that the geometry- optimized conformers were true energy minima and to confirm the absence of negative vibrational frequencies.,Y,True
CC367,10.3390/biomedicines10040839,"Chemical shift values were calculated from the magnetic shielding tensors using Equation (1) [14–16], where δcxalc is the calculated NMR chemical shift for nucleus x and σo is the shielding tensor for the proton and carbon nuclei in tetramethylsilane calculated using the density-functional theory B3-LYP/6-31+G(d,p) basis set.",N,False
CC368,10.3390/cryst13010016,"In order to bring NMR spectroscopy even closer to experimental chemists (as a tool for 3D structural determination of molecules), Willoughby et al. suggested a 4-step protocol which leans on the computation of NMR parameters on a set of candidate structures, all of them with geometry optimized by computational chemistry methods [1].",N,False
CC369,10.3390/cryst13010016,"They also suggested the comparison of calculated chemical shifts (δic), with chemical shifts obtained experimentally (δio) by computation of a “measure” of the structural model quality, i.e., the Mean Absolute Error (MAE) [1]: MAE = (Σi |δic − δio|)/N.",N,False
CC370,10.3390/cryst13010016,Structural determination of ligand L and complex [Zn(L)2]2+ was based on liquid NMR measurements and DFT calculations by a similar 4-step procedure according to Willoughby et al. [1].,Y,True
CC371,10.3390/cryst13010016,"Calculated rotamer-averaged shieldings (σc) for each conformer were correlated with experimental shifts (δo), using linear regression calculations, in order to obtain parameters A and B, i.e., the intercept and the slope of the linear regression line [1].",N,False
CC372,10.3390/cryst13010016,"As the DFT-GIAO calculation method is widely used, providing respectable results not only for 13C shifts, but also for 1H shifts and J couplings (Figure 3 and Figure 4), we calculated these NMR parameters on a set of geometry optimized structures using the energy criteria and recommendations from Grimme et al. [16,17], and compared their quality by the literature proposed error function MAE [1].",N,False
CC373,10.3390/cryst13010016,"This paper presents a DFT-NMR procedure [1,8] from which an ensemble of structural models can be obtained and a quality comparison procedure among calculated and solution-state experimental NMR data.",Y,False
CC375,10.3390/md15060171,"Computational chemistry, in particular NMR prediction using quantum chemical methods, can be used as a tool to facilitate confirmation, assignment, and reassignment of natural product structures [6–10] and therefore can be used to focus laboratory experiments on correct structures.",N,False
CC376,10.3390/md15060171,"While computational methods for predicting 1H and 13C chemical shifts are well established [6–10], these methods do not work without fail.",N,False
CC377,10.3390/md15060171,"Our results demonstrate once again [6,7,8,9,10] the utility of NMR computations in the assignment of natural product structures, and highlight the complications of predicting chemical shifts for carboxylic acid-containing molecules.",N,True
CC378,10.3390/md15060171,Deviations of <5 ppm (13 C) and <0.3 ppm (1 H) are generally considered acceptable [6–10].,N,False
CC379,10.3390/md16060189,"The generation of conformers was performed using the Schrödinger MacroModel 2016 (Version 10.8, Schrödinger, LLC, New York, NY, USA) using the protocol reported by Willoughby and co-workers [27].",N,False
CC380,10.3390/md17060319,"The low energy conformers of each compound were generated using the Schrodinger MacroModel 11.3 software package in Maestro release 2017-4 (Schrödinger, LLC, New York, NY, USA) as described previously [53].",N,False
CC381,10.3390/md17070423,"Therefore, we turned to a protocol that relies on density functional theory-based computations of 1H and 13C NMR chemical shifts and the use of statistical tools to assign the experimental data to the correct isomer of a compound [28].",Y,True
CC382,10.3390/md20010052,A conformational analysis of 8 was performed using a Monte Carlo Minimum method (MCMM) and the molecular mechanics OPLS3 force field with an energy cut off of 5 kcal/mol in Schrodinger MacroModel [31].,N,False
CC385,10.3390/molecules24213890,Conformational analyses of each compound were performed with Schrodinger MacroModel [17].,N,False
CC387,10.3390/molecules27248782,"NMR shielding tensors were calculated with the GIAO method [54] at mPW1PW91/6-31+G(d,p) level with IEFPCM solvent model in methanol.",Y,True
CC390,10.3390/plants8090301,"First, we calculated the theoretical chemical shifts of four possible diastereomers, 5S,6S,9S, 5R,6S,9S, 5S,6R,9S, and 5R,6R,9S, according to a previous study report [31] (for details, see Materials and Methods).",Y,False
CC391,10.3390/plants8090301,"The conformational search for 5S,6S,9S-1, 5R,6S,9S-1, 5S,6R,9S-1, and 5R,6R,9S-1 was carried out using the OPLS 2005 force field and torsional sampling of the Macro Model program [31,36].",N,False
CC392,10.3762/bjoc.12.10,"The observed 1H and 13C NMR chemical shifts are closely matched by those derived from the DFT calculations (see Supporting Information File 2 for details) [26,27], with average errors of 0.13 ppm for 1H (RMS error = 0.17), and 1.9 ppm for 13C (RMS error = 2.6).",Y,True
CC393,10.3762/bjoc.13.245,"The entire process begins with DFT prediction of isotropic shieldings by one of the established literature procedures, e.g., [3,9], and signal assignment of the experimental NMR spectra.",Y,True
CC394,10.3998/ark.5550190.0016.307,"The computed set of isotropic magnetic shielding tensor values (σiso, in ppm) for each nucleus in all conformers were scaled, referenced, and averaged (using the mole fraction of each conformation), to generate a set of Boltzmann-weighted average chemical shifts (δcalcd, in ppm; Table 1).51",Y,True
CC395,10.3998/ark.5550190.0016.307,"Chemical shifts were derived from application of scaling factors (slope = −1.0522, intercept = 181.2412)51 to the 13C NMR shielding tensors computed at the B3LYP/6-311+G(2d,p)//M06-2X/6-31+G(d,p) level of theory, followed by Boltzmann averaging over all four conformers at 298 K (further details are provided in the Experimental Section).",Y,True
CC396,10.3998/ark.5550190.0016.307,"Chemical shifts were derived from application of scaling factors (slope = −1.0767, intercept = 31.9477)51 to the 1H NMR shielding tensors computed at the B3LYP/6-311+G(2d,p)//M06-2X/6-31+G(d,p) level of theory, followed by Boltzmann averaging over all four conformers at 298 K (further details are provided in the Experimental Section).",Y,True
CC397,10.3998/ark.5550190.0016.307,"For the level of theory used herein [B3LYP/6-311+G(2d,p)//M06-2X/6-31+G(d,p)] the following values have been calculated by Willoughby et al., 51: for 1H: intercept = 31.9477, slope = –1.0767; for 13C: intercept = 181.2412, slope = -1.0522.",N,False
CC399,10.5562/cca2767,"Relative Boltzmann populations are calculated using the formula: where ΔEi are the relative energies corrected for zero-point vibrational energies (ΔEZPVE), kB is the Boltzmann constant, T is the temperature (T = 298 K) and gi are the degeneracy degrees for each conformer (gi = 2 for C1 symmetry and gi = 1 for C2 and Ci symmetries).[45–47]",Y,True
CC400,10.5562/cca2767,"In such cases, the calculated spectra must include the responses from all species, weighted by their Boltzmann factors.[45–52]",Y,True
CC401,10.1039/9781782623946-00369,"Solution nmr has been used to determine primary and stereochemical structures of synthesized37,38 and extracted small molecules in organic and natural chemistry,27,30,39 respectively.",N,False
